id,category,title,url,final_url,filename,saved_path,status,bytes,content_type,use,note,error
"REG-001","regulatory","中国人民银行公告〔2021〕第3号转载页：贷款产品明示年化利率","https://jrjg.ln.gov.cn/lnsdfjrjddlj/ywzq/jgjg/703CFB652D124AE5B7B880ADB49084CB/index.shtml","https://jrjg.ln.gov.cn/lnsdfjrjddlj/ywzq/jgjg/703CFB652D124AE5B7B880ADB49084CB/index.shtml","REG-001_PBOC_2021_Notice_3_annual_rate.html","E:\妖\在中大\学习\大三下\金融科技\小组作业\agent\B同学_合同与金融产品知识库_20260701\raw_sources\regulatory\REG-001_PBOC_2021_Notice_3_annual_rate.html","ok","53097","text/html","年化利率明示、贷款成本包含利息及直接相关费用、IRR/单利口径","",""
"REG-002","regulatory","国家金融监督管理总局/中国人民银行：个人贷款业务明示综合融资成本规定","https://www.nfra.gov.cn/cn/view/pages/governmentDetail.html?docId=1251479&generaltype=1&itemId=861","https://www.nfra.gov.cn/cn/view/pages/governmentDetail.html?docId=1251479&generaltype=1&itemId=861","REG-002_NFRA_PBOC_personal_loan_comprehensive_cost_rule.html","E:\妖\在中大\学习\大三下\金融科技\小组作业\agent\B同学_合同与金融产品知识库_20260701\raw_sources\regulatory\REG-002_NFRA_PBOC_personal_loan_comprehensive_cost_rule.html","ok","19559","text/html","综合融资成本明示表、息费项目、收取方式、收取主体、或有成本","",""
"REG-003","regulatory","国家金融监督管理总局/中国人民银行有关司局负责人答记者问","https://www.nfra.gov.cn/cn/view/pages/ItemDetail.html?docId=1251645&itemId=915","https://www.nfra.gov.cn/cn/view/pages/ItemDetail.html?docId=1251645&itemId=915","REG-003_NFRA_PBOC_comprehensive_cost_QA.html","E:\妖\在中大\学习\大三下\金融科技\小组作业\agent\B同学_合同与金融产品知识库_20260701\raw_sources\regulatory\REG-003_NFRA_PBOC_comprehensive_cost_QA.html","ok","20416","text/html","正常履约各项息费按IRR折算为年化水平","",""
"REG-004","regulatory","中国货币网：贷款市场报价利率 LPR 页面","https://www.chinamoney.com.cn/chinese/lllpr/","https://www.chinamoney.com.cn/chinese/lllpr/","REG-004_ChinaMoney_LPR.html","E:\妖\在中大\学习\大三下\金融科技\小组作业\agent\B同学_合同与金融产品知识库_20260701\raw_sources\regulatory\REG-004_ChinaMoney_LPR.html","ok","15750","text/html","LPR基准入口，民间借贷4倍LPR等阈值计算参考","",""
"REG-005","regulatory","中国银行：LPR历史数据页面","https://www.bankofchina.com/fimarkets/lilv/fd32/201310/t20131031_2591219.html","https://www.bankofchina.com/fimarkets/lilv/fd32/201310/t20131031_2591219.html","REG-005_BOC_LPR_history.html","E:\妖\在中大\学习\大三下\金融科技\小组作业\agent\B同学_合同与金融产品知识库_20260701\raw_sources\regulatory\REG-005_BOC_LPR_history.html","ok","33120","text/html","LPR历史表补充来源，便于人工核验日期和数值","",""
"REG-006","regulatory","人民银行公众留言：IRR年化利率单利/复利计算说明","https://wzdt.pbc.gov.cn/eportal/ui?msgDataId=f031bf903655443099ee754876bc1c8b&pageId=77c3557bd521439ea5cd869f5393ba98","https://wzdt.pbc.gov.cn/eportal/ui?msgDataId=f031bf903655443099ee754876bc1c8b&pageId=77c3557bd521439ea5cd869f5393ba98","REG-006_PBOC_IRR_annualization_reply.html","E:\妖\在中大\学习\大三下\金融科技\小组作业\agent\B同学_合同与金融产品知识库_20260701\raw_sources\regulatory\REG-006_PBOC_IRR_annualization_reply.html","ok","28778","text/html;charset=UTF-8","月IRR转单利/复利年化说明","",""
"CON-001","contracts","中国银行个人贷款系列服务合同公示页","https://www.boc.cn/pbservice/pb2/202302/t20230215_22563641.html","https://www.boc.cn/pbservice/pb2/202302/t20230215_22563641.html","CON-001_BOC_personal_loan_contracts_index.html","E:\妖\在中大\学习\大三下\金融科技\小组作业\agent\B同学_合同与金融产品知识库_20260701\raw_sources\contracts\CON-001_BOC_personal_loan_contracts_index.html","ok","40349","text/html","中国银行个贷合同模板入口","",""
"CON-002","contracts","中国银行个人网络贷款合同（2021年版）","https://pic.bankofchina.com/bocappd/pbservice/202302/P020230215407417607703.pdf","https://pic.bankofchina.com/bocappd/pbservice/202302/P020230215407417607703.pdf","CON-002_BOC_personal_online_loan_contract_2021.pdf","E:\妖\在中大\学习\大三下\金融科技\小组作业\agent\B同学_合同与金融产品知识库_20260701\raw_sources\contracts\CON-002_BOC_personal_online_loan_contract_2021.pdf","ok","233890","application/pdf","网络消费贷合同字段、用途限制、LPR+BP表达","",""
"CON-003","contracts","中国银行个人贷款合同（2025年版，搜索结果公开PDF）","https://pic.bankofchina.com/bocappd/pbservice/202509/P020250901361206131739.pdf","https://pic.bankofchina.com/bocappd/pbservice/202509/P020250901361206131739.pdf","CON-003_BOC_personal_loan_contract_2025.pdf","E:\妖\在中大\学习\大三下\金融科技\小组作业\agent\B同学_合同与金融产品知识库_20260701\raw_sources\contracts\CON-003_BOC_personal_loan_contract_2025.pdf","ok","191883","application/pdf","新版个贷合同、单利年化、日利率=年利率/360、还款方式","",""
"CON-004","contracts","中国银行中银E贷贷款合同（2025年版）","https://pic.bankofchina.com/bocappd/pbservice/202509/P020250926418474442000.pdf","https://pic.bankofchina.com/bocappd/pbservice/202509/P020250926418474442000.pdf","CON-004_BOC_Eloan_contract_2025.pdf","E:\妖\在中大\学习\大三下\金融科技\小组作业\agent\B同学_合同与金融产品知识库_20260701\raw_sources\contracts\CON-004_BOC_Eloan_contract_2025.pdf","ok","259664","application/pdf","中银E贷合同、等额本金/按期还息/一次性还本付息现金流规则","",""
"CON-005","contracts","交通银行个人借款合同公示页","https://www.bankcomm.com/BankCommSite/shtml/jyjr/cn/7226/7244/3005244/5045687.shtml?channelId=7226","https://www.bankcomm.com/BankCommSite/shtml/jyjr/cn/7226/7244/3005244/5045687.shtml?channelId=7226","CON-005_BOCOM_personal_contracts_index.html","E:\妖\在中大\学习\大三下\金融科技\小组作业\agent\B同学_合同与金融产品知识库_20260701\raw_sources\contracts\CON-005_BOCOM_personal_contracts_index.html","ok","107739","","惠民贷服务协议和个人信用消费贷款合同入口","",""
"CON-006","contracts","交通银行惠民贷产品服务协议下载接口","https://www.bankcomm.com/BankCommSite/fileDownload.do?fileId=6dc5b613c8c340c5956245c23b42fd2f","https://www.bankcomm.com/BankCommSite/fileDownload.do?fileId=6dc5b613c8c340c5956245c23b42fd2f","CON-006_BOCOM_Huiminloan_service_agreement","E:\妖\在中大\学习\大三下\金融科技\小组作业\agent\B同学_合同与金融产品知识库_20260701\raw_sources\contracts\CON-006_BOCOM_Huiminloan_service_agreement","ok","41770","","惠民贷服务协议、日利率、提前还款与服务字段","",""
"CON-007","contracts","邮储银行个人借款合同公示页","https://www.psbc.com/cn/grfw/cdh/xdfw/grjkhtgs/","https://www.psbc.com/cn/grfw/cdh/xdfw/grjkhtgs/","CON-007_PSBC_personal_contracts_index.html","E:\妖\在中大\学习\大三下\金融科技\小组作业\agent\B同学_合同与金融产品知识库_20260701\raw_sources\contracts\CON-007_PSBC_personal_contracts_index.html","ok","193406","text/html","邮储银行个贷合同公示入口","",""
"CON-008","contracts","邮储银行邮享贷消费贷款借款合同","https://www.psbc.com/cn/grfw/cdh/xdfw/grjkhtgs/202503/P020250324399437020905.pdf","https://www.psbc.com/cn/grfw/cdh/xdfw/grjkhtgs/202503/P020250324399437020905.pdf","CON-008_PSBC_Youxiangdai_consumer_loan_contract.pdf","E:\妖\在中大\学习\大三下\金融科技\小组作业\agent\B同学_合同与金融产品知识库_20260701\raw_sources\contracts\CON-008_PSBC_Youxiangdai_consumer_loan_contract.pdf","ok","354217","application/pdf","邮享贷消费贷合同、贷款金额/期限/利率/还款方式字段","",""
"CON-009","contracts","邮储银行个人额度借款合同（线下版）","https://www.psbc.com/cn/grfw/cdh/xdfw/grjkhtgs/202503/P020250324400258705241.pdf","https://www.psbc.com/cn/grfw/cdh/xdfw/grjkhtgs/202503/P020250324400258705241.pdf","CON-009_PSBC_personal_quota_loan_contract_offline.pdf","E:\妖\在中大\学习\大三下\金融科技\小组作业\agent\B同学_合同与金融产品知识库_20260701\raw_sources\contracts\CON-009_PSBC_personal_quota_loan_contract_offline.pdf","ok","154677","application/pdf","支用金额、还款方式枚举、LPR/固定/浮动利率字段","",""
"CON-010","contracts","农业银行借款合同公示页","https://www.abchina.com.cn/cn/PersonalServices/Loans/jkhtgs/202303/t20230317_2248545.htm","https://www.abchina.com.cn/cn/PersonalServices/Loans/jkhtgs/202303/t20230317_2248545.htm","CON-010_ABC_loan_contracts_index.html","E:\妖\在中大\学习\大三下\金融科技\小组作业\agent\B同学_合同与金融产品知识库_20260701\raw_sources\contracts\CON-010_ABC_loan_contracts_index.html","ok","72425","text/html","农行合同模板入口","",""
"CON-011","contracts","农业银行个人自助小额借款合同","https://www.abchina.com/cn/PersonalServices/Loans/jkhtgs/202303/W020230320333837167305.pdf","https://www.abchina.com/cn/PersonalServices/Loans/jkhtgs/202303/W020230320333837167305.pdf","CON-011_ABC_personal_self_service_small_loan_contract.pdf","E:\妖\在中大\学习\大三下\金融科技\小组作业\agent\B同学_合同与金融产品知识库_20260701\raw_sources\contracts\CON-011_ABC_personal_self_service_small_loan_contract.pdf","ok","249078","application/pdf","还款方式公式：利随本清、先息后本、等额本息、等额本金","",""
"CON-012","contracts","工商银行融e借个人信用消费贷款合同","https://media.icbc.com.cn/agreement/957126752235331593.html","https://media.icbc.com.cn/agreement/957126752235331593.html","CON-012_ICBC_Rongejie_credit_consumer_loan_contract.html","E:\妖\在中大\学习\大三下\金融科技\小组作业\agent\B同学_合同与金融产品知识库_20260701\raw_sources\contracts\CON-012_ICBC_Rongejie_credit_consumer_loan_contract.html","ok","158332","text/html","融e借合同结构、用途限制、期限、提前还款","",""
"CON-013","contracts","建设银行个人消费借款合同 DOC","https://ccb.com/yn/cn/business/upload/20200605_1591327418/20200605114803541061.doc","https://ccb.com/yn/cn/business/upload/20200605_1591327418/20200605114803541061.doc","CON-013_CCB_personal_consumption_loan_contract.doc","E:\妖\在中大\学习\大三下\金融科技\小组作业\agent\B同学_合同与金融产品知识库_20260701\raw_sources\contracts\CON-013_CCB_personal_consumption_loan_contract.doc","ok","268288","","消费借款合同模板字段补充","",""
"CON-014","contracts","兴业银行个人综合消费借款合同（PDF）","https://download.cib.com.cn/netbank/download/cn/wealth/20240728/50.pdf","https://download.cib.com.cn/netbank/download/cn/wealth/20240728/50.pdf","CON-014_CIB_personal_comprehensive_consumption_loan_contract_2024.pdf","E:\妖\在中大\学习\大三下\金融科技\小组作业\agent\B同学_合同与金融产品知识库_20260701\raw_sources\contracts\CON-014_CIB_personal_comprehensive_consumption_loan_contract_2024.pdf","ok","248155","application/pdf","兴业银行个人综合消费借款合同模板、贷款用途、利率、还款方式、违约条款","",""
"PROD-001","products","中国银行中银E贷·互联网个人信用循环消费贷款","https://www.boc.cn/pbservice/pb2/201602/t20160229_6465863.html","https://www.boc.cn/pbservice/pb2/201602/t20160229_6465863.html","PROD-001_BOC_Eloan_product.html","E:\妖\在中大\学习\大三下\金融科技\小组作业\agent\B同学_合同与金融产品知识库_20260701\raw_sources\products\PROD-001_BOC_Eloan_product.html","ok","29833","text/html","额度30万、最长1年、LPR定价、循环随借随还、还款方式","",""
"PROD-002","products","中国银行个人无抵质押消费贷款","https://www.boc.cn/pbservice/pb2/202409/t20240929_25163936.html","https://www.boc.cn/pbservice/pb2/202409/t20240929_25163936.html","PROD-002_BOC_unsecured_consumption_loan.html","E:\妖\在中大\学习\大三下\金融科技\小组作业\agent\B同学_合同与金融产品知识库_20260701\raw_sources\products\PROD-002_BOC_unsecured_consumption_loan.html","ok","28338","text/html","额度100万、期限5年、LPR定价、等额本金/等额本息","",""
"PROD-003","products","工商银行个人信用贷款（融e借）","https://www.icbc.com.cn/page/721852326163021860.html","https://www.icbc.com.cn/page/721852326163021860.html","PROD-003_ICBC_Rongejie_product.html","E:\妖\在中大\学习\大三下\金融科技\小组作业\agent\B同学_合同与金融产品知识库_20260701\raw_sources\products\PROD-003_ICBC_Rongejie_product.html","ok","37242","text/html","额度最高500万、期限7年、等额本息/等额本金/按期付息一次性还本","",""
"PROD-004","products","交通银行惠民贷产品页","https://m.bankcomm.com/wap/shtml/wap/cn/15421/15429/15510/15522/list.shtml?channelId=15421","https://m.bankcomm.com/wap/shtml/wap/cn/15421/15429/15510/15522/list.shtml?channelId=15421","PROD-004_BOCOM_Huiminloan_product_mobile.html","E:\妖\在中大\学习\大三下\金融科技\小组作业\agent\B同学_合同与金融产品知识库_20260701\raw_sources\products\PROD-004_BOCOM_Huiminloan_product_mobile.html","ok","20559","","额度30/100万、最长84个月、申请额度无费用、不提款不计息、用途","",""
"PROD-005","products","建设银行个人消费贷款产品页","https://www.ccb.com/cn/personal/credit/consumeloan.html","https://www.ccb.com/cn/personal/credit/consumeloan.html","PROD-005_CCB_personal_consumption_loan_product.html","E:\妖\在中大\学习\大三下\金融科技\小组作业\agent\B同学_合同与金融产品知识库_20260701\raw_sources\products\PROD-005_CCB_personal_consumption_loan_product.html","ok","34415","","额度200万、期限5年、等额本息/等额本金/到期一次还本付息/按期付息任意还本","",""
"PROD-006","products","建设银行快贷说明页","https://www.ccb.com/cn/html1/branch/xm/subject/16/0620wasr/kuaidai/xm_ccb_index.htm","https://www.ccb.com/cn/html1/branch/xm/subject/16/0620wasr/kuaidai/xm_ccb_index.htm","PROD-006_CCB_Kuaidai_product.html","E:\妖\在中大\学习\大三下\金融科技\小组作业\agent\B同学_合同与金融产品知识库_20260701\raw_sources\products\PROD-006_CCB_Kuaidai_product.html","ok","15139","","随借随还、按天计息、提前还贷不收违约金样例","",""
"PROD-007","products","农业银行个人综合消费贷款","https://www.abchina.com/cn/personalservices/loans/ConsumptiveLoans/201407/t20140708_790149.htm","https://www.abchina.com/cn/personalservices/loans/ConsumptiveLoans/201407/t20140708_790149.htm","PROD-007_ABC_personal_comprehensive_consumption_loan.html","E:\妖\在中大\学习\大三下\金融科技\小组作业\agent\B同学_合同与金融产品知识库_20260701\raw_sources\products\PROD-007_ABC_personal_comprehensive_consumption_loan.html","ok","73200","text/html","额度300万、期限7年、LPR定价、合同外不收费用、罚息/复利","",""
"PROD-008","products","农业银行网捷贷","https://www.abchina.com/cn/personalservices/loans/consumptiveloans/201611/t20161115_946633.htm","https://www.abchina.com/cn/personalservices/loans/consumptiveloans/201611/t20161115_946633.htm","PROD-008_ABC_Wangjiedai_product.html","E:\妖\在中大\学习\大三下\金融科技\小组作业\agent\B同学_合同与金融产品知识库_20260701\raw_sources\products\PROD-008_ABC_Wangjiedai_product.html","ok","73568","text/html","额度100万、期限5年、LPR定价、按月结息到期还本/等额本息","",""
"PROD-009","products","兴业银行兴闪贷产品页","https://www.cib.com.cn/cn/personal/loanServer/loans/","https://www.cib.com.cn/cn/personal/loanServer/loans/","PROD-009_CIB_Xingshandai_product.html","E:\妖\在中大\学习\大三下\金融科技\小组作业\agent\B同学_合同与金融产品知识库_20260701\raw_sources\products\PROD-009_CIB_Xingshandai_product.html","ok","5148","text/html","兴闪贷额度、期限、年利率单利、按日计息、提前还款、用途限制","",""
"PROD-010","products","邮储银行个人综合类消费贷款/邮享贷介绍","https://www.psbc.com/cn/fhpd/hndq/gxzzzzqfh/zdtj_1207/202104/t20210427_94490.html","https://www.psbc.com/cn/fhpd/hndq/gxzzzzqfh/zdtj_1207/202104/t20210427_94490.html","PROD-010_PSBC_Youxiangdai_product.html","E:\妖\在中大\学习\大三下\金融科技\小组作业\agent\B同学_合同与金融产品知识库_20260701\raw_sources\products\PROD-010_PSBC_Youxiangdai_product.html","ok","39891","text/html","邮享贷产品、还款方式、循环额度","",""
"PROD-011","products","马上消费金融业务定价、收费项目及服务内容公告","https://www.msxf.com/noticeDetail/151124","https://www.msxf.com/noticeDetail/151124","PROD-011_MSXF_pricing_and_fee_notice.html","E:\妖\在中大\学习\大三下\金融科技\小组作业\agent\B同学_合同与金融产品知识库_20260701\raw_sources\products\PROD-011_MSXF_pricing_and_fee_notice.html","ok","30433","text/html; charset=utf-8","利率7.2%-24%、提前还款手续费、本金余额*4%上限200、逾期罚息","",""
"PROD-012","products","马上消费金融产品信息公示","https://www.msxf.com/noticeDetail/91142","https://www.msxf.com/noticeDetail/91142","PROD-012_MSXF_product_information_disclosure.html","E:\妖\在中大\学习\大三下\金融科技\小组作业\agent\B同学_合同与金融产品知识库_20260701\raw_sources\products\PROD-012_MSXF_product_information_disclosure.html","ok","26475","text/html; charset=utf-8","信用分期/循环额度/商品分期：额度、期数、利率、还款方式、IRR口径","",""
"PROD-013","products","中邮消费金融官网首页/邮你贷产品信息","https://www.youcash.com/","https://www.youcash.com/","PROD-013_Youcash_Zhongyou_product_home.html","E:\妖\在中大\学习\大三下\金融科技\小组作业\agent\B同学_合同与金融产品知识库_20260701\raw_sources\products\PROD-013_Youcash_Zhongyou_product_home.html","ok","62596","text/html; charset=utf-8","邮你贷最高20万、最长36期、年化利率5.04%-23.76%单利","",""
"PROD-014","products","招联金融官网产品页","https://www.mucfc.com/product/","https://www.mucfc.com/product/","PROD-014_MUCFC_Zhaolian_product.html","E:\妖\在中大\学习\大三下\金融科技\小组作业\agent\B同学_合同与金融产品知识库_20260701\raw_sources\products\PROD-014_MUCFC_Zhaolian_product.html","ok","2176","text/html; charset=UTF-8","招联好期贷/信用付产品体系、额度30万、期限60个月入口","",""
"CARD-001","credit_card","中国银行信用卡服务收费及计息方式说明","https://www.boc.cn/bcservice/bc3/bc31/201203/t20120331_1767028.html","https://www.boc.cn/bcservice/bc3/bc31/201203/t20120331_1767028.html","CARD-001_BOC_credit_card_fee_and_interest.html","E:\妖\在中大\学习\大三下\金融科技\小组作业\agent\B同学_合同与金融产品知识库_20260701\raw_sources\credit_card\CARD-001_BOC_credit_card_fee_and_interest.html","ok","38081","text/html","信用卡分期、现金分期、专项分期费率和近似折算年化利率","",""
"CARD-002","credit_card","中国银行信用卡消费分期产品页","https://www.boc.cn/bcservice/bc5/bc53/202212/t20221204_22635230.html","https://www.boc.cn/bcservice/bc5/bc53/202212/t20221204_22635230.html","CARD-002_BOC_credit_card_consumption_installment.html","E:\妖\在中大\学习\大三下\金融科技\小组作业\agent\B同学_合同与金融产品知识库_20260701\raw_sources\credit_card\CARD-002_BOC_credit_card_consumption_installment.html","ok","30847","text/html","消费分期期数、基准分期利率、近似折算年化利率","",""
"CARD-003","credit_card","中国银行信用卡卡户分期付款业务约定条款 PDF","https://www.boc.cn/bcservice/bi2/202111/P020211129677522574837.pdf","https://www.boc.cn/bcservice/bi2/202111/P020211129677522574837.pdf","CARD-003_BOC_credit_card_installment_terms.pdf","E:\妖\在中大\学习\大三下\金融科技\小组作业\agent\B同学_合同与金融产品知识库_20260701\raw_sources\credit_card\CARD-003_BOC_credit_card_installment_terms.pdf","ok","1183808","application/pdf","信用卡现金分期/账单分期条款","",""
"CARD-004","credit_card","建设银行龙卡信用卡账单分期付款业务约定条款","https://ccb.com/cn/creditcard/installment/check/fqgl/operation_clause.html","https://ccb.com/cn/creditcard/installment/check/fqgl/operation_clause.html","CARD-004_CCB_credit_card_bill_installment_terms.html","E:\妖\在中大\学习\大三下\金融科技\小组作业\agent\B同学_合同与金融产品知识库_20260701\raw_sources\credit_card\CARD-004_CCB_credit_card_bill_installment_terms.html","ok","119053","","每期本金=本金/期数，每期分期利息=本金*每期分期利率","",""
"CARD-005","credit_card","建设银行龙卡信用卡分期通业务约定条款 PDF","https://www.ccb.com/cn/creditcard/service/upload/20230117141428375119.pdf","https://www.ccb.com/cn/creditcard/service/upload/20230117141428375119.pdf","CARD-005_CCB_credit_card_fenqitong_terms.pdf","E:\妖\在中大\学习\大三下\金融科技\小组作业\agent\B同学_合同与金融产品知识库_20260701\raw_sources\credit_card\CARD-005_CCB_credit_card_fenqitong_terms.pdf","ok","637334","","专项分期额度、每期本金、分期利息收取方式","",""
"CARD-006","credit_card","农业银行信用卡现金分期细则","https://www.abchina.com/cn/creditcard/wealthmanagement/xykts/201603/t20160317_850342.htm","https://www.abchina.com/cn/creditcard/wealthmanagement/xykts/201603/t20160317_850342.htm","CARD-006_ABC_credit_card_cash_installment_rules.html","E:\妖\在中大\学习\大三下\金融科技\小组作业\agent\B同学_合同与金融产品知识库_20260701\raw_sources\credit_card\CARD-006_ABC_credit_card_cash_installment_rules.html","ok","68729","text/html","现金分期、逾期利息日万五、违约金最低还款额未偿还部分5%","",""
"CARD-007","credit_card","农业银行信用卡卡户分期付款业务条款及细则 PDF","https://www.abchina.com/cn/CreditCard/AboutUs/Update/202510/W020251029598620797047.pdf","https://www.abchina.com/cn/CreditCard/AboutUs/Update/202510/W020251029598620797047.pdf","CARD-007_ABC_credit_card_installment_terms_2025.pdf","E:\妖\在中大\学习\大三下\金融科技\小组作业\agent\B同学_合同与金融产品知识库_20260701\raw_sources\credit_card\CARD-007_ABC_credit_card_installment_terms_2025.pdf","ok","234982","application/pdf","分期本金、分期利息、近似折算年化利率、逾期利息","",""
"CARD-008","credit_card","邮储银行信用卡现金分期业务协议 PDF","https://www.psbc.com/cn/grfw/xyk/ywgg_258/202211/P020221125550246592140.pdf","https://www.psbc.com/cn/grfw/xyk/ywgg_258/202211/P020221125550246592140.pdf","CARD-008_PSBC_credit_card_cash_installment_agreement.pdf","E:\妖\在中大\学习\大三下\金融科技\小组作业\agent\B同学_合同与金融产品知识库_20260701\raw_sources\credit_card\CARD-008_PSBC_credit_card_cash_installment_agreement.pdf","ok","288221","application/pdf","现金分期息费项目、提前还款违约金、近似年化利率","",""
"CARD-009","credit_card","邮储银行信用卡账单分期业务协议 PDF","https://www.psbc.com/cn/grfw/xyk/ywgg_258/202211/P020221125550246715779.pdf","https://www.psbc.com/cn/grfw/xyk/ywgg_258/202211/P020221125550246715779.pdf","CARD-009_PSBC_credit_card_bill_installment_agreement.pdf","E:\妖\在中大\学习\大三下\金融科技\小组作业\agent\B同学_合同与金融产品知识库_20260701\raw_sources\credit_card\CARD-009_PSBC_credit_card_bill_installment_agreement.pdf","ok","286505","application/pdf","账单分期等本等息、撤销手续费、提前还款违约金","",""
"CARD-010","credit_card","邮储银行信用卡商户分期业务协议 PDF","https://www.psbc.com/cn/grfw/xyk/ywgg_258/202211/P020221125550246484939.pdf","https://www.psbc.com/cn/grfw/xyk/ywgg_258/202211/P020221125550246484939.pdf","CARD-010_PSBC_credit_card_merchant_installment_agreement.pdf","E:\妖\在中大\学习\大三下\金融科技\小组作业\agent\B同学_合同与金融产品知识库_20260701\raw_sources\credit_card\CARD-010_PSBC_credit_card_merchant_installment_agreement.pdf","ok","272602","application/pdf","商户分期、提前还款违约金、年化利率不超过18.25%","",""
"CARD-011","credit_card","邮储银行分期提前还款违约金收费标准公告","https://www.psbc.com/cn/gyyc/zygg/202205/t20220525_178404.html","https://www.psbc.com/cn/gyyc/zygg/202205/t20220525_178404.html","CARD-011_PSBC_installment_prepayment_penalty_notice.html","E:\妖\在中大\学习\大三下\金融科技\小组作业\agent\B同学_合同与金融产品知识库_20260701\raw_sources\credit_card\CARD-011_PSBC_installment_prepayment_penalty_notice.html","ok","85953","text/html","分期手续费0%-1.5%/期、提前还款违约金最高剩余未摊本金3%","",""
"PROD-015","products","招联金融产品页前端脚本","https://www.mucfc.com/static/js/product.e9445487.js","https://www.mucfc.com/static/js/product.e9445487.js","PROD-015_MUCFC_product_page_js.js","E:\妖\在中大\学习\大三下\金融科技\小组作业\agent\B同学_合同与金融产品知识库_20260701\raw_sources\products\PROD-015_MUCFC_product_page_js.js","ok","2394","application/javascript","招联金融产品页渲染脚本补充；用于核验产品页是否只公开产品体系入口","",""
"PROD-016","products","招商银行闪电贷产品页","https://www.cmbchina.com/personal/credit/creditInfo?guid=4d5140fa-d4d0-4a19-89db-28b697aec4d6","https://www.cmbchina.com/personal/credit/creditInfo?guid=4d5140fa-d4d0-4a19-89db-28b697aec4d6","PROD-016_CMB_flash_loan.html","E:\妖\在中大\学习\大三下\金融科技\小组作业\agent\B同学_合同与金融产品知识库_20260701\raw_sources\products\PROD-016_CMB_flash_loan.html","ok","7588","text/html","闪电贷额度、期限、用途、线上贷款产品要素","",""
"PROD-017","products","平安银行新一贷无担保个人贷款","https://bank.pingan.com/youhui/xinyidai.shtml","https://bank.pingan.com/youhui/xinyidai.shtml","PROD-017_Pingan_Xinyidai.html","E:\妖\在中大\学习\大三下\金融科技\小组作业\agent\B同学_合同与金融产品知识库_20260701\raw_sources\products\PROD-017_Pingan_Xinyidai.html","ok","69463","text/html; charset=utf-8","新一贷无担保贷款产品、额度、期限、用途","",""
"PROD-018","products","平安银行新一贷白领方案","https://bank.pingan.com/huodongyemian2/index.shtml","https://bank.pingan.com/huodongyemian2/index.shtml","PROD-018_Pingan_Xinyidai_white_collar.html","E:\妖\在中大\学习\大三下\金融科技\小组作业\agent\B同学_合同与金融产品知识库_20260701\raw_sources\products\PROD-018_Pingan_Xinyidai_white_collar.html","ok","68338","text/html; charset=utf-8","年化利率单利3.96%-9.72%、额度、循环额度、随借随还","",""
"PROD-019","products","平安银行贷款产品聚合页","https://b.pingan.com.cn/loan/loanh5/mloan/pages/index.html","https://b.pingan.com.cn/loan/loanh5/mloan/pages/index.html","PROD-019_Pingan_loan_products.html","E:\妖\在中大\学习\大三下\金融科技\小组作业\agent\B同学_合同与金融产品知识库_20260701\raw_sources\products\PROD-019_Pingan_loan_products.html","ok","5673","text/html","新一贷、宅抵贷、车抵贷等产品费率/期限/额度样例","",""
"PROD-020","products","中国光大银行综合消费贷款","https://www.cebbank.com/site/gryw/grdk/zzcp/25650131/index.html","https://www.cebbank.com/site/gryw/grdk/zzcp/25650131/index.html","PROD-020_CEB_comprehensive_consumption_loan.html","E:\妖\在中大\学习\大三下\金融科技\小组作业\agent\B同学_合同与金融产品知识库_20260701\raw_sources\products\PROD-020_CEB_comprehensive_consumption_loan.html","ok","114472","","综合消费贷款用途、担保、还款方式","",""
"PROD-021","products","中国光大银行白领易贷","https://www.cebbank.com/site/gryw/grdk/zzcp/25650131/25652987/25669717/index.html","https://www.cebbank.com/site/gryw/grdk/zzcp/25650131/25652987/25669717/index.html","PROD-021_CEB_white_collar_loan.html","E:\妖\在中大\学习\大三下\金融科技\小组作业\agent\B同学_合同与金融产品知识库_20260701\raw_sources\products\PROD-021_CEB_white_collar_loan.html","ok","114612","","信用贷款、最高150万、期限最长3年、循环贷","",""
"PROD-022","products","中国光大银行出国金融贷款","https://www.cebbank.com/site/gryw/grdk/zzcp/25650131/25652983/25653871/index.html","https://www.cebbank.com/site/gryw/grdk/zzcp/25650131/25652983/25653871/index.html","PROD-022_CEB_overseas_finance_loan.html","E:\妖\在中大\学习\大三下\金融科技\小组作业\agent\B同学_合同与金融产品知识库_20260701\raw_sources\products\PROD-022_CEB_overseas_finance_loan.html","ok","114639","","出国金融贷款用途、担保方式、6种还款方式","",""
"PROD-023","products","中国光大银行业主贷","https://www.cebbank.com/site/gryw/grdk/zzcp/25650131/25652983/25653867/index.html","https://www.cebbank.com/site/gryw/grdk/zzcp/25650131/25652983/25653867/index.html","PROD-023_CEB_owner_loan.html","E:\妖\在中大\学习\大三下\金融科技\小组作业\agent\B同学_合同与金融产品知识库_20260701\raw_sources\products\PROD-023_CEB_owner_loan.html","ok","114441","","住房抵押消费贷款、循环额度、消费用途","",""
"PROD-024","products","华夏银行龙e贷/易生活系列","https://www.hxb.com.cn/grjr/dkyw/_ysh_xl/index.shtml","https://www.hxb.com.cn/grjr/dkyw/_ysh_xl/index.shtml","PROD-024_HXB_Longe_loan.html","E:\妖\在中大\学习\大三下\金融科技\小组作业\agent\B同学_合同与金融产品知识库_20260701\raw_sources\products\PROD-024_HXB_Longe_loan.html","ok","134740","text/html","龙e贷，固定利率按LPR加减点、按日计息、提前还款无手续费、等额本息/先息后本","",""
"PROD-025","products","华夏银行自助贷款随心贷","https://wap.hxb.com.cn/grjr/dkyw/zzdksxd/index.shtml","https://wap.hxb.com.cn/grjr/dkyw/zzdksxd/index.shtml","PROD-025_HXB_Suixindai.html","E:\妖\在中大\学习\大三下\金融科技\小组作业\agent\B同学_合同与金融产品知识库_20260701\raw_sources\products\PROD-025_HXB_Suixindai.html","ok","128094","text/html","循环使用、自助放款还款、综合授信消费贷款","",""
"PROD-026","products","中国民生银行个人综合消费贷款","https://www.cmbc.com.cn/cmbc_new/gryw/dk/grzhxfdk/index.html","https://www.cmbc.com.cn/cmbc_new/gryw/dk/grzhxfdk/index.html","PROD-026_CMBC_comprehensive_consumption_loan.html","E:\妖\在中大\学习\大三下\金融科技\小组作业\agent\B同学_合同与金融产品知识库_20260701\raw_sources\products\PROD-026_CMBC_comprehensive_consumption_loan.html","ok","148400","text/html","个人综合消费贷款、期限、还款方式、利率以审批为准","",""
"PROD-027","products","中国民生银行个人微型消费贷款","https://wap.cmbc.com.cn/grkh/dk/xfwdxlcp/2023/2757356611547590.htm","https://wap.cmbc.com.cn/grkh/dk/xfwdxlcp/2023/2757356611547590.htm","PROD-027_CMBC_micro_consumption_loan.html","E:\妖\在中大\学习\大三下\金融科技\小组作业\agent\B同学_合同与金融产品知识库_20260701\raw_sources\products\PROD-027_CMBC_micro_consumption_loan.html","ok","5948","text/html","最高50万、最长3年、按月付息到期还本/等额本息/等额本金","",""
"PROD-028","products","中国民生银行民易贷","https://www.cmbc.com.cn/cmbc_new/gryw/dk/grwxxfdk/index.html","https://www.cmbc.com.cn/cmbc_new/gryw/dk/grwxxfdk/index.html","PROD-028_CMBC_Minyidai.html","E:\妖\在中大\学习\大三下\金融科技\小组作业\agent\B同学_合同与金融产品知识库_20260701\raw_sources\products\PROD-028_CMBC_Minyidai.html","ok","146681","text/html","信用消费贷款最高100万、互联网民易贷最高30万、还款方式","",""
"PROD-029","products","广发银行个人消费贷款","https://www.cgbchina.com.cn/Info/13298161","https://www.cgbchina.com.cn/Info/13298161","PROD-029_CGB_personal_consumption_loan.html","E:\妖\在中大\学习\大三下\金融科技\小组作业\agent\B同学_合同与金融产品知识库_20260701\raw_sources\products\PROD-029_CGB_personal_consumption_loan.html","ok","57444","text/html;charset=GBK","个人消费贷款、多种还款方式、申请条件","",""
"PROD-030","products","广发银行自信一贷消费类信用贷款","https://www.cgbchina.com.cn/Info/13296864","https://www.cgbchina.com.cn/Info/13296864","PROD-030_CGB_Zixinyidai.html","E:\妖\在中大\学习\大三下\金融科技\小组作业\agent\B同学_合同与金融产品知识库_20260701\raw_sources\products\PROD-030_CGB_Zixinyidai.html","ok","51808","text/html;charset=GBK","消费类个人信用贷款、消费用途","",""
"PROD-031","products","广发银行贷款产品页","https://www.cgbchina.com.cn/Info/20972318","https://www.cgbchina.com.cn/Info/20972318","PROD-031_CGB_loan_products.html","E:\妖\在中大\学习\大三下\金融科技\小组作业\agent\B同学_合同与金融产品知识库_20260701\raw_sources\products\PROD-031_CGB_loan_products.html","ok","37710","text/html; charset=GBK","广发E秒贷、抵押易等贷款产品入口","",""
"PROD-032","products","中信银行信秒贷产品页","https://www.citicbank.com/personal/loan/creditloan/","https://www.citicbank.com/personal/loan/creditloan/","PROD-032_CITIC_Xinmiaodai.html","E:\妖\在中大\学习\大三下\金融科技\小组作业\agent\B同学_合同与金融产品知识库_20260701\raw_sources\products\PROD-032_CITIC_Xinmiaodai.html","ok","213209","text/html","年利率单利最低4.35%、最高50万、期限最长84个月、还款方式","",""
"PROD-033","products","中信银行个人消费贷款财政贴息问答","https://www.citicbank.com/common/servicenotice/202508/t20250829_3576475.html","https://www.citicbank.com/common/servicenotice/202508/t20250829_3576475.html","PROD-033_CITIC_consumption_loan_subsidy_QA.html","E:\妖\在中大\学习\大三下\金融科技\小组作业\agent\B同学_合同与金融产品知识库_20260701\raw_sources\products\PROD-033_CITIC_consumption_loan_subsidy_QA.html","ok","207082","text/html","中信自营个人消费贷款产品范围、贴息政策产品清单","",""
"PROD-034","products","中信银行汽车消费贷款","https://www.citicbank.com/personal/loan/qcdk/","https://www.citicbank.com/personal/loan/qcdk/","PROD-034_CITIC_auto_consumption_loan.html","E:\妖\在中大\学习\大三下\金融科技\小组作业\agent\B同学_合同与金融产品知识库_20260701\raw_sources\products\PROD-034_CITIC_auto_consumption_loan.html","ok","213101","text/html","汽车消费贷款本金、期限、还款方式、用途字段","",""
"PROD-035","products","宁波银行个人贷款产品页","https://www.nbcb.com.cn/individual_client/personal_loan/dk/","https://www.nbcb.com.cn/individual_client/personal_loan/dk/","PROD-035_NBCB_personal_loan_products.html","E:\妖\在中大\学习\大三下\金融科技\小组作业\agent\B同学_合同与金融产品知识库_20260701\raw_sources\products\PROD-035_NBCB_personal_loan_products.html","ok","66967","text/html","白领通、贷易通、宁来花直接贷等额度、利率、用途","",""
"PROD-036","products","宁波银行白领通产品页","https://www.nbcb.com.cn/individual_client/recommendation/blt/","https://www.nbcb.com.cn/individual_client/recommendation/blt/","PROD-036_NBCB_Bailingtong.html","E:\妖\在中大\学习\大三下\金融科技\小组作业\agent\B同学_合同与金融产品知识库_20260701\raw_sources\products\PROD-036_NBCB_Bailingtong.html","ok","50189","text/html","最高授信100万、年化单利3%-14.4%、随借随还","",""
"PROD-037","products","宁波银行路路通产品页","https://www.nbcb.com.cn/individual_client/recommendation/llt/","https://www.nbcb.com.cn/individual_client/recommendation/llt/","PROD-037_NBCB_Lulutong.html","E:\妖\在中大\学习\大三下\金融科技\小组作业\agent\B同学_合同与金融产品知识库_20260701\raw_sources\products\PROD-037_NBCB_Lulutong.html","ok","50297","text/html","信用授信额度、指定用途贷款","",""
"PROD-038","products","北京银行消费京e贷","https://www.bankofbeijing.com.cn/personal/second/detail?column=1549614074327945216","https://www.bankofbeijing.com.cn/personal/second/detail?column=1549614074327945216","PROD-038_BOB_consumption_Jingedai.html","E:\妖\在中大\学习\大三下\金融科技\小组作业\agent\B同学_合同与金融产品知识库_20260701\raw_sources\products\PROD-038_BOB_consumption_Jingedai.html","ok","4890","","消费京e贷额度、线上申请、贷款用途","official frontend shell/entry page; keep as traceable URL but do not extract numeric terms unless dynamic data is verified",""
"PROD-039","products","北京银行房产抵押消费贷款","https://www.bankofbeijing.com.cn/personal/second/detail?column=1549614608342536192","https://www.bankofbeijing.com.cn/personal/second/detail?column=1549614608342536192","PROD-039_BOB_mortgage_consumption_loan.html","E:\妖\在中大\学习\大三下\金融科技\小组作业\agent\B同学_合同与金融产品知识库_20260701\raw_sources\products\PROD-039_BOB_mortgage_consumption_loan.html","ok","4890","","房产抵押消费贷款、消费用途、额度期限","official frontend shell/entry page; keep as traceable URL but do not extract numeric terms unless dynamic data is verified",""
"PROD-040","products","北京银行个人高端客户授信","https://www.bankofbeijing.com.cn/personal/second/detail?column=1549613495979560960","https://www.bankofbeijing.com.cn/personal/second/detail?column=1549613495979560960","PROD-040_BOB_high_end_customer_credit.html","E:\妖\在中大\学习\大三下\金融科技\小组作业\agent\B同学_合同与金融产品知识库_20260701\raw_sources\products\PROD-040_BOB_high_end_customer_credit.html","ok","4890","","个人消费及经营授信额度","official frontend shell/entry page; keep as traceable URL but do not extract numeric terms unless dynamic data is verified",""
"PROD-041","products","上海农商银行鑫e贷","https://www.shrcb.com/shrcb/gryw/grdk/xfldk/xed/index.html","https://www.shrcb.com/shrcb/gryw/grdk/xfldk/xed/index.html","PROD-041_SHRCB_Xinedai.html","E:\妖\在中大\学习\大三下\金融科技\小组作业\agent\B同学_合同与金融产品知识库_20260701\raw_sources\products\PROD-041_SHRCB_Xinedai.html","ok","534346","text/html; charset=utf-8","年化利率单利3%起、在线消费性信用贷款20万、0手续费","",""
"CARD-012","credit_card","招商银行信用卡账单分期条款及细则","https://cc.cmbchina.com/content/loan/zdfqtk.htm","https://cc.cmbchina.com/content/loan/zdfqtk.htm","CARD-012_CMB_bill_installment_terms.html","E:\妖\在中大\学习\大三下\金融科技\小组作业\agent\B同学_合同与金融产品知识库_20260701\raw_sources\credit_card\CARD-012_CMB_bill_installment_terms.html","ok","4756","text/html","账单分期、透支日利率万五、年化单利18.25%、分期条款","official frontend shell/entry page; keep as traceable URL but do not extract numeric terms unless dynamic data is verified",""
"CARD-013","credit_card","招商银行信用卡e招贷业务条款及细则","https://cc.cmbchina.com/content/loan/ezd.htm","https://cc.cmbchina.com/content/loan/ezd.htm","CARD-013_CMB_ezhaodai_terms.html","E:\妖\在中大\学习\大三下\金融科技\小组作业\agent\B同学_合同与金融产品知识库_20260701\raw_sources\credit_card\CARD-013_CMB_ezhaodai_terms.html","ok","4756","text/html","e招贷条款、分期成本和提前结清规则","official frontend shell/entry page; keep as traceable URL but do not extract numeric terms unless dynamic data is verified",""
"CARD-014","credit_card","招商银行专享消费分期信用卡业务条款及细则","https://cc.cmbchina.com/content/cusservice/zxfq.htm","https://cc.cmbchina.com/content/cusservice/zxfq.htm","CARD-014_CMB_exclusive_consumption_installment_card_terms.html","E:\妖\在中大\学习\大三下\金融科技\小组作业\agent\B同学_合同与金融产品知识库_20260701\raw_sources\credit_card\CARD-014_CMB_exclusive_consumption_installment_card_terms.html","ok","4756","text/html","专享消费分期信用卡条款","official frontend shell/entry page; keep as traceable URL but do not extract numeric terms unless dynamic data is verified",""
"CARD-015","credit_card","招商银行信用卡e分期业务条款及细则 PDF","https://s3gw.cmbimg.com/lb5001-cmbweb-prd-1255000097/cmbcms/20220927/08ead7f9-db37-4e53-9fd9-93565e0e6abb.pdf","https://s3gw.cmbimg.com/lb5001-cmbweb-prd-1255000097/cmbcms/20220927/08ead7f9-db37-4e53-9fd9-93565e0e6abb.pdf","CARD-015_CMB_e_installment_terms.pdf","E:\妖\在中大\学习\大三下\金融科技\小组作业\agent\B同学_合同与金融产品知识库_20260701\raw_sources\credit_card\CARD-015_CMB_e_installment_terms.pdf","ok","179344","application/pdf","e分期手续费率、近似折算年化利率0%-18%、提前结清","",""
"CARD-016","credit_card","平安银行信用卡灵用金","https://creditcard.pingan.com/fenqilicai/lingyongjin.shtml","https://creditcard.pingan.com/fenqilicai/lingyongjin.shtml","CARD-016_Pingan_Lingyongjin.html","E:\妖\在中大\学习\大三下\金融科技\小组作业\agent\B同学_合同与金融产品知识库_20260701\raw_sources\credit_card\CARD-016_Pingan_Lingyongjin.html","ok","34105","text/html; charset=utf-8","灵用金分期、提前清偿手续费按提前结清本金3%","",""
"CARD-017","credit_card","平安银行信用卡账单分期介绍","https://creditcard.pingan.com/fenqilicai/xiangqing.shtml","https://creditcard.pingan.com/fenqilicai/xiangqing.shtml","CARD-017_Pingan_bill_installment_intro.html","E:\妖\在中大\学习\大三下\金融科技\小组作业\agent\B同学_合同与金融产品知识库_20260701\raw_sources\credit_card\CARD-017_Pingan_bill_installment_intro.html","ok","40749","text/html; charset=utf-8","每期利率、每期应还本金和利息示例","",""
"CARD-018","credit_card","平安银行信用卡账单分期付款业务条款及细则","https://creditcard.pingan.com/file/fenqizhangdan.shtml","https://creditcard.pingan.com/file/fenqizhangdan.shtml","CARD-018_Pingan_bill_installment_terms.html","E:\妖\在中大\学习\大三下\金融科技\小组作业\agent\B同学_合同与金融产品知识库_20260701\raw_sources\credit_card\CARD-018_Pingan_bill_installment_terms.html","ok","17569","text/html; charset=utf-8","账单分期手续费率、每期还款公式","",""
"CARD-019","credit_card","中信银行信用卡账单及单笔分期细则","https://creditcard.ecitic.com/fenqi/zhangdanxigui.shtml","https://creditcard.ecitic.com/fenqi/zhangdanxigui.shtml","CARD-019_CITIC_bill_single_installment_rules.html","E:\妖\在中大\学习\大三下\金融科技\小组作业\agent\B同学_合同与金融产品知识库_20260701\raw_sources\credit_card\CARD-019_CITIC_bill_single_installment_rules.html","ok","35536","text/html","账单/单笔分期、提前清偿规则、手续费处理","",""
"CARD-020","credit_card","中信银行信用卡分期提前还款收费公告","https://creditcard.ecitic.com/gonggao/news_160331.shtml","https://creditcard.ecitic.com/gonggao/news_160331.shtml","CARD-020_CITIC_installment_prepayment_fee_notice.html","E:\妖\在中大\学习\大三下\金融科技\小组作业\agent\B同学_合同与金融产品知识库_20260701\raw_sources\credit_card\CARD-020_CITIC_installment_prepayment_fee_notice.html","ok","33291","text/html","账单/单笔分期提前还款收剩余未还本金3%等","",""
"CARD-021","credit_card","中信银行信用卡账单自动分期产品合约","https://creditcard.ecitic.com/heyue/zidongfenqi.html","https://creditcard.ecitic.com/heyue/zidongfenqi.html","CARD-021_CITIC_auto_installment_contract.html","E:\妖\在中大\学习\大三下\金融科技\小组作业\agent\B同学_合同与金融产品知识库_20260701\raw_sources\credit_card\CARD-021_CITIC_auto_installment_contract.html","ok","16717","text/html","自动分期、逾期日利率0.035%-0.05%、违约金","",""
"CARD-022","credit_card","中信银行信用卡现金分期业务合约","https://creditcard.ecitic.com/heyue/wap/xize.html","https://creditcard.ecitic.com/heyue/wap/xize.html","CARD-022_CITIC_cash_installment_contract.html","E:\妖\在中大\学习\大三下\金融科技\小组作业\agent\B同学_合同与金融产品知识库_20260701\raw_sources\credit_card\CARD-022_CITIC_cash_installment_contract.html","ok","20254","text/html","现金分期、提前终止违约金1%-3%","",""
"CARD-023","credit_card","民生信用卡账单/现金/自动分期提前还款规则公告","https://creditcard.cmbc.com.cn/tyglweb/home/cn/web/customer/import/20240620/12374.shtml","https://creditcard.cmbc.com.cn/tyglweb/home/cn/web/customer/import/20240620/12374.shtml","CARD-023_CMBC_installment_prepayment_rules.html","E:\妖\在中大\学习\大三下\金融科技\小组作业\agent\B同学_合同与金融产品知识库_20260701\raw_sources\credit_card\CARD-023_CMBC_installment_prepayment_rules.html","invalid_content","712","text/html; charset=UTF-8","提前还款剩余本金和当期手续费、免除剩余手续费示例","","Downloaded file is WAF/502 error page, not usable as source content."
"CARD-024","credit_card","民生信用卡计息规则及收费标准","https://creditcard.cmbc.com.cn/tyglweb/home/cn/web/customer/card/konw/20240322/3407.shtml","https://creditcard.cmbc.com.cn/tyglweb/home/cn/web/customer/card/konw/20240322/3407.shtml","CARD-024_CMBC_credit_card_fee_interest.html","E:\妖\在中大\学习\大三下\金融科技\小组作业\agent\B同学_合同与金融产品知识库_20260701\raw_sources\credit_card\CARD-024_CMBC_credit_card_fee_interest.html","invalid_content","712","text/html; charset=UTF-8","分期年化单利0%-18.25%、提前还款违约金0%-5%","","Downloaded file is WAF/502 error page, not usable as source content."
"CARD-025","credit_card","民生信用卡消费分期页面","https://creditcard.cmbc.com.cn/tyglweb/home/cn/wap/business/stage/20240704/16479.shtml","https://creditcard.cmbc.com.cn/tyglweb/home/cn/wap/business/stage/20240704/16479.shtml","CARD-025_CMBC_consumption_installment.html","E:\妖\在中大\学习\大三下\金融科技\小组作业\agent\B同学_合同与金融产品知识库_20260701\raw_sources\credit_card\CARD-025_CMBC_consumption_installment.html","invalid_content","2047","","消费分期利率、提前还款违约金0/1/2期规则","","Downloaded file is WAF/502 error page, not usable as source content."
"CARD-026","credit_card","民生银行信用卡账单分期业务办理合约 PDF","https://creditcard.cmbc.com.cn/active/wap/wonderful/active/zd1/1-%E4%B8%AD%E5%9B%BD%E6%B0%91%E7%94%9F%E9%93%B6%E8%A1%8C%E4%BF%A1%E7%94%A8%E5%8D%A1%E8%B4%A6%E5%8D%95%E5%88%86%E6%9C%9F%E4%B8%9A%E5%8A%A1%E5%8A%9E%E7%90%86%E5%90%88%E7%BA%A6.pdf","https://creditcard.cmbc.com.cn/active/wap/wonderful/active/zd1/1-%E4%B8%AD%E5%9B%BD%E6%B0%91%E7%94%9F%E9%93%B6%E8%A1%8C%E4%BF%A1%E7%94%A8%E5%8D%A1%E8%B4%A6%E5%8D%95%E5%88%86%E6%9C%9F%E4%B8%9A%E5%8A%A1%E5%8A%9E%E7%90%86%E5%90%88%E7%BA%A6.pdf","CARD-026_CMBC_bill_installment_contract.pdf","E:\妖\在中大\学习\大三下\金融科技\小组作业\agent\B同学_合同与金融产品知识库_20260701\raw_sources\credit_card\CARD-026_CMBC_bill_installment_contract.pdf","invalid_content","2354","","账单分期合约、提前还款、手续费处理","","Downloaded file is WAF/502 error page, not usable as source content."
"CON-015","contracts","华夏银行个贷格式合同文本公示页","https://www.hxb.com.cn/grjr/dkyw/_ysh_xl/gdgshtwb/index.shtml","https://www.hxb.com.cn/grjr/dkyw/_ysh_xl/gdgshtwb/index.shtml","CON-015_HXB_loan_contracts_index.html","E:\妖\在中大\学习\大三下\金融科技\小组作业\agent\B同学_合同与金融产品知识库_20260701\raw_sources\contracts\CON-015_HXB_loan_contracts_index.html","ok","120249","text/html","华夏银行个人消费贷款合同（华夏e贷/个人消费贷款）入口","",""
"CON-016","contracts","江苏银行个人消费随e贷额度借款合同 PDF","https://www.jsbchina.cn/data/tosend/resource/upload/5%E3%80%81%E6%B1%9F%E8%8B%8F%E9%93%B6%E8%A1%8C%E4%B8%AA%E4%BA%BA%E6%B6%88%E8%B4%B9%E9%9A%8Fe%E8%B4%B7%E9%A2%9D%E5%BA%A6%E5%80%9F%E6%AC%BE%E5%90%88%E5%90%8C202404%E7%89%88.pdf","https://www.jsbchina.cn/data/tosend/resource/upload/5%E3%80%81%E6%B1%9F%E8%8B%8F%E9%93%B6%E8%A1%8C%E4%B8%AA%E4%BA%BA%E6%B6%88%E8%B4%B9%E9%9A%8Fe%E8%B4%B7%E9%A2%9D%E5%BA%A6%E5%80%9F%E6%AC%BE%E5%90%88%E5%90%8C202404%E7%89%88.pdf","CON-016_JSB_personal_consumption_suiedai_quota_contract_202404.pdf","E:\妖\在中大\学习\大三下\金融科技\小组作业\agent\B同学_合同与金融产品知识库_20260701\raw_sources\contracts\CON-016_JSB_personal_consumption_suiedai_quota_contract_202404.pdf","ok","256664","application/pdf","随e贷合同、单利、按日计息、日利率=年利率/360、罚息复利","",""
"CON-017","contracts","江苏银行e购贷借款合同 PDF","https://www.jsbchina.cn/data/tosend/resource/upload/18%E3%80%81%E6%B1%9F%E8%8B%8F%E9%93%B6%E8%A1%8Ce%E8%B4%AD%E8%B4%B7%E5%80%9F%E6%AC%BE%E5%90%88%E5%90%8C%EF%BC%88%E6%8B%8D%E6%8B%8D%E8%B4%B7%EF%BC%89.pdf","https://www.jsbchina.cn/data/tosend/resource/upload/18%E3%80%81%E6%B1%9F%E8%8B%8F%E9%93%B6%E8%A1%8Ce%E8%B4%AD%E8%B4%B7%E5%80%9F%E6%AC%BE%E5%90%88%E5%90%8C%EF%BC%88%E6%8B%8D%E6%8B%8D%E8%B4%B7%EF%BC%89.pdf","CON-017_JSB_egoudai_loan_contract.pdf","E:\妖\在中大\学习\大三下\金融科技\小组作业\agent\B同学_合同与金融产品知识库_20260701\raw_sources\contracts\CON-017_JSB_egoudai_loan_contract.pdf","ok","253545","application/pdf","e购贷合同、固定利率、LPR+BP、利息计算","",""
"PDF-001","contracts","中国银行个人贷款合同2025年版","https://pic.bankofchina.com/bocappd/pbservice/202509/P020250901360771274504.pdf","https://pic.bankofchina.com/bocappd/pbservice/202509/P020250901360771274504.pdf","PDF-001_中国银行个人贷款合同2025年版.pdf","E:\妖\在中大\学习\大三下\金融科技\小组作业\agent\合同与金融产品知识库\raw_sources\第三批PDF补充\合同知识库PDF\PDF-001_中国银行个人贷款合同2025年版.pdf","ok","267117","application/pdf","合同主模板，含贷款金额、利率、还款、违约、提前还款等字段","第三批PDF补充；中文文件名；已检查PDF文件头",""
"PDF-002","contracts","中国银行个人无抵质押循环贷款合同2025年版","https://pic.bankofchina.com/bocappd/pbservice/202509/P020250901362207815259.pdf","https://pic.bankofchina.com/bocappd/pbservice/202509/P020250901362207815259.pdf","PDF-002_中国银行个人无抵质押循环贷款合同2025年版.pdf","E:\妖\在中大\学习\大三下\金融科技\小组作业\agent\合同与金融产品知识库\raw_sources\第三批PDF补充\合同知识库PDF\PDF-002_中国银行个人无抵质押循环贷款合同2025年版.pdf","ok","245437","application/pdf","循环额度/无抵质押贷款合同，适合识别循环贷款字段","第三批PDF补充；中文文件名；已检查PDF文件头",""
"PDF-003","contracts","中国银行个人循环贷款额度协议2025年版","https://pic.bankofchina.com/bocappd/pbservice/202509/P020250901362338329205.pdf","https://pic.bankofchina.com/bocappd/pbservice/202509/P020250901362338329205.pdf","PDF-003_中国银行个人循环贷款额度协议2025年版.pdf","E:\妖\在中大\学习\大三下\金融科技\小组作业\agent\合同与金融产品知识库\raw_sources\第三批PDF补充\合同知识库PDF\PDF-003_中国银行个人循环贷款额度协议2025年版.pdf","ok","219914","application/pdf","额度协议字段、额度期限、支用规则","第三批PDF补充；中文文件名；已检查PDF文件头",""
"PDF-004","contracts","中国银行个人消费类贷款授后变更协议2026年版","https://pic.bankofchina.com/bocappd/pbservice/202605/P020260525353523920165.pdf","https://pic.bankofchina.com/bocappd/pbservice/202605/P020260525353523920165.pdf","PDF-004_中国银行个人消费类贷款授后变更协议2026年版.pdf","E:\妖\在中大\学习\大三下\金融科技\小组作业\agent\合同与金融产品知识库\raw_sources\第三批PDF补充\合同知识库PDF\PDF-004_中国银行个人消费类贷款授后变更协议2026年版.pdf","ok","174519","application/pdf","授后变更、还款计划变更、利率/期限变更字段","第三批PDF补充；中文文件名；已检查PDF文件头",""
"PDF-005","contracts","中国银行个人贷款合同2025年线上版","https://pic.bankofchina.com/bocappd/pbservice/202506/P020250616354698977155.pdf","https://pic.bankofchina.com/bocappd/pbservice/202506/P020250616354698977155.pdf","PDF-005_中国银行个人贷款合同2025年线上版.pdf","E:\妖\在中大\学习\大三下\金融科技\小组作业\agent\合同与金融产品知识库\raw_sources\第三批PDF补充\合同知识库PDF\PDF-005_中国银行个人贷款合同2025年线上版.pdf","ok","239039","application/pdf","线上贷款合同字段，适合 OCR/结构化抽取样本","第三批PDF补充；中文文件名；已检查PDF文件头",""
"PDF-006","contracts","中国银行个人非房消费贷款续贷协议2025年版","https://pic.bankofchina.com/bocappd/pbservice/202506/P020250616354819478945.pdf","https://pic.bankofchina.com/bocappd/pbservice/202506/P020250616354819478945.pdf","PDF-006_中国银行个人非房消费贷款续贷协议2025年版.pdf","E:\妖\在中大\学习\大三下\金融科技\小组作业\agent\合同与金融产品知识库\raw_sources\第三批PDF补充\合同知识库PDF\PDF-006_中国银行个人非房消费贷款续贷协议2025年版.pdf","ok","181450","application/pdf","非房消费贷续贷协议、期限/本金/利率变更","第三批PDF补充；中文文件名；已检查PDF文件头",""
"PDF-007","contracts","中国银行个人消费贷款贴息协议2026年版","https://pic.bankofchina.com/bocappd/pbservice/202601/P020260128549252256248.pdf","https://pic.bankofchina.com/bocappd/pbservice/202601/P020260128549252256248.pdf","PDF-007_中国银行个人消费贷款贴息协议2026年版.pdf","E:\妖\在中大\学习\大三下\金融科技\小组作业\agent\合同与金融产品知识库\raw_sources\第三批PDF补充\合同知识库PDF\PDF-007_中国银行个人消费贷款贴息协议2026年版.pdf","ok","181436","application/pdf","消费贷款贴息字段，适合识别贴息/实际成本","第三批PDF补充；中文文件名；已检查PDF文件头",""
"PDF-008","contracts","中国银行随心智贷额度合同2025年版","https://pic.bankofchina.com/bocappd/pbservice/202509/P020250926357111952053.pdf","https://pic.bankofchina.com/bocappd/pbservice/202509/P020250926357111952053.pdf","PDF-008_中国银行随心智贷额度合同2025年版.pdf","E:\妖\在中大\学习\大三下\金融科技\小组作业\agent\合同与金融产品知识库\raw_sources\第三批PDF补充\合同知识库PDF\PDF-008_中国银行随心智贷额度合同2025年版.pdf","ok","249521","application/pdf","随心智贷额度合同，循环额度/授信字段","第三批PDF补充；中文文件名；已检查PDF文件头",""
"PDF-009","contracts","中国银行随心智贷用款合同2025年版","https://pic.bankofchina.com/bocappd/pbservice/202509/P020250926357201731653.pdf","https://pic.bankofchina.com/bocappd/pbservice/202509/P020250926357201731653.pdf","PDF-009_中国银行随心智贷用款合同2025年版.pdf","E:\妖\在中大\学习\大三下\金融科技\小组作业\agent\合同与金融产品知识库\raw_sources\第三批PDF补充\合同知识库PDF\PDF-009_中国银行随心智贷用款合同2025年版.pdf","ok","242446","application/pdf","随心智贷用款合同，单笔支用/还款字段","第三批PDF补充；中文文件名；已检查PDF文件头",""
"PDF-010","contracts","中国银行青春E贷启航贷个人网络贷款合同2024年版","https://pic.bankofchina.com/bocappd/pbservice/202406/P020240627662568181157.pdf","https://pic.bankofchina.com/bocappd/pbservice/202406/P020240627662568181157.pdf","PDF-010_中国银行青春E贷启航贷个人网络贷款合同2024年版.pdf","E:\妖\在中大\学习\大三下\金融科技\小组作业\agent\合同与金融产品知识库\raw_sources\第三批PDF补充\合同知识库PDF\PDF-010_中国银行青春E贷启航贷个人网络贷款合同2024年版.pdf","ok","179640","application/pdf","个人网络贷款合同，适合消费贷场景拓展","第三批PDF补充；中文文件名；已检查PDF文件头",""
"PDF-011","contracts","中国银行个人消费类汽车贷款合同2024年版","https://pic.bankofchina.com/bocappd/pbservice/202406/P020240627662553299818.pdf","https://pic.bankofchina.com/bocappd/pbservice/202406/P020240627662553299818.pdf","PDF-011_中国银行个人消费类汽车贷款合同2024年版.pdf","E:\妖\在中大\学习\大三下\金融科技\小组作业\agent\合同与金融产品知识库\raw_sources\第三批PDF补充\合同知识库PDF\PDF-011_中国银行个人消费类汽车贷款合同2024年版.pdf","ok","179044","application/pdf","汽车消费贷款合同，消费贷扩展场景","第三批PDF补充；中文文件名；已检查PDF文件头",""
"PDF-012","contracts","中国银行个人留学贷款合同2024年版","https://pic.bankofchina.com/bocappd/pbservice/202406/P020240627662565993736.pdf","https://pic.bankofchina.com/bocappd/pbservice/202406/P020240627662565993736.pdf","PDF-012_中国银行个人留学贷款合同2024年版.pdf","E:\妖\在中大\学习\大三下\金融科技\小组作业\agent\合同与金融产品知识库\raw_sources\第三批PDF补充\合同知识库PDF\PDF-012_中国银行个人留学贷款合同2024年版.pdf","ok","196864","application/pdf","教育/留学消费贷款合同字段","第三批PDF补充；中文文件名；已检查PDF文件头",""
"PDF-013","contracts","中国银行商业助学贷款借款合同2024年版","https://pic.bankofchina.com/bocappd/pbservice/202406/P020240627662547659567.pdf","https://pic.bankofchina.com/bocappd/pbservice/202406/P020240627662547659567.pdf","PDF-013_中国银行商业助学贷款借款合同2024年版.pdf","E:\妖\在中大\学习\大三下\金融科技\小组作业\agent\合同与金融产品知识库\raw_sources\第三批PDF补充\合同知识库PDF\PDF-013_中国银行商业助学贷款借款合同2024年版.pdf","ok","173398","application/pdf","助学贷款合同字段、贴息/还款计划","第三批PDF补充；中文文件名；已检查PDF文件头",""
"PDF-014","contracts","中国银行个人贷款质押合同适用消费贷2024年版","https://pic.bankofchina.com/bocappd/pbservice/202406/P020240627662561918490.pdf","https://pic.bankofchina.com/bocappd/pbservice/202406/P020240627662561918490.pdf","PDF-014_中国银行个人贷款质押合同适用消费贷2024年版.pdf","E:\妖\在中大\学习\大三下\金融科技\小组作业\agent\合同与金融产品知识库\raw_sources\第三批PDF补充\合同知识库PDF\PDF-014_中国银行个人贷款质押合同适用消费贷2024年版.pdf","ok","143797","application/pdf","消费贷质押合同，担保/质押条款","第三批PDF补充；中文文件名；已检查PDF文件头",""
"PDF-015","contracts","中国银行个人贷款存单质押合同适用消费贷2024年版","https://pic.bankofchina.com/bocappd/pbservice/202406/P020240627662570219159.pdf","https://pic.bankofchina.com/bocappd/pbservice/202406/P020240627662570219159.pdf","PDF-015_中国银行个人贷款存单质押合同适用消费贷2024年版.pdf","E:\妖\在中大\学习\大三下\金融科技\小组作业\agent\合同与金融产品知识库\raw_sources\第三批PDF补充\合同知识库PDF\PDF-015_中国银行个人贷款存单质押合同适用消费贷2024年版.pdf","ok","139998","application/pdf","消费贷存单质押合同，担保/质押条款","第三批PDF补充；中文文件名；已检查PDF文件头",""
"PDF-016","contracts","农业银行个人购房担保借款合同","https://www.abchina.com/cn/PersonalServices/Loans/jkhtgs/202303/W020251204512611675709.pdf","https://www.abchina.com/cn/PersonalServices/Loans/jkhtgs/202303/W020251204512611675709.pdf","PDF-016_农业银行个人购房担保借款合同.pdf","E:\妖\在中大\学习\大三下\金融科技\小组作业\agent\合同与金融产品知识库\raw_sources\第三批PDF补充\合同知识库PDF\PDF-016_农业银行个人购房担保借款合同.pdf","ok","362271","application/pdf","合同结构样本；可辅助抽取主体、金额、利率、担保条款","第三批PDF补充；中文文件名；已检查PDF文件头",""
"PDF-017","contracts","农业银行个人购车担保借款合同","https://www.abchina.com/cn/PersonalServices/Loans/jkhtgs/202303/W020230320333833577991.pdf","https://www.abchina.com/cn/PersonalServices/Loans/jkhtgs/202303/W020230320333833577991.pdf","PDF-017_农业银行个人购车担保借款合同.pdf","E:\妖\在中大\学习\大三下\金融科技\小组作业\agent\合同与金融产品知识库\raw_sources\第三批PDF补充\合同知识库PDF\PDF-017_农业银行个人购车担保借款合同.pdf","ok","307604","application/pdf","汽车消费贷款/购车贷款合同样本","第三批PDF补充；中文文件名；已检查PDF文件头",""
"PDF-018","contracts","农业银行个人担保借款合同","https://www.abchina.com/cn/PersonalServices/Loans/jkhtgs/202303/W020250718393065856105.pdf","https://www.abchina.com/cn/PersonalServices/Loans/jkhtgs/202303/W020250718393065856105.pdf","PDF-018_农业银行个人担保借款合同.pdf","E:\妖\在中大\学习\大三下\金融科技\小组作业\agent\合同与金融产品知识库\raw_sources\第三批PDF补充\合同知识库PDF\PDF-018_农业银行个人担保借款合同.pdf","ok","318806","application/pdf","个人借款+担保通用合同，含担保责任字段","第三批PDF补充；中文文件名；已检查PDF文件头",""
"PDF-019","contracts","农业银行最高额担保个人借款合同","https://www.abchina.com/cn/PersonalServices/Loans/jkhtgs/202303/W020250718590366479394.pdf","https://www.abchina.com/cn/PersonalServices/Loans/jkhtgs/202303/W020250718590366479394.pdf","PDF-019_农业银行最高额担保个人借款合同.pdf","E:\妖\在中大\学习\大三下\金融科技\小组作业\agent\合同与金融产品知识库\raw_sources\第三批PDF补充\合同知识库PDF\PDF-019_农业银行最高额担保个人借款合同.pdf","ok","342585","application/pdf","最高额担保与循环/额度类贷款字段","第三批PDF补充；中文文件名；已检查PDF文件头",""
"PDF-020","contracts","农业银行个人存单国债质押借款合同","https://www.abchina.com/cn/PersonalServices/Loans/jkhtgs/202303/W020250718393066956673.pdf","https://www.abchina.com/cn/PersonalServices/Loans/jkhtgs/202303/W020250718393066956673.pdf","PDF-020_农业银行个人存单国债质押借款合同.pdf","E:\妖\在中大\学习\大三下\金融科技\小组作业\agent\合同与金融产品知识库\raw_sources\第三批PDF补充\合同知识库PDF\PDF-020_农业银行个人存单国债质押借款合同.pdf","ok","285574","application/pdf","质押借款合同，费用和质押字段","第三批PDF补充；中文文件名；已检查PDF文件头",""
"PDF-021","contracts","农业银行个人人寿保险单质押借款合同","https://www.abchina.com/cn/PersonalServices/Loans/jkhtgs/202303/W020250721314269334957.pdf","https://www.abchina.com/cn/PersonalServices/Loans/jkhtgs/202303/W020250721314269334957.pdf","PDF-021_农业银行个人人寿保险单质押借款合同.pdf","E:\妖\在中大\学习\大三下\金融科技\小组作业\agent\合同与金融产品知识库\raw_sources\第三批PDF补充\合同知识库PDF\PDF-021_农业银行个人人寿保险单质押借款合同.pdf","ok","281812","application/pdf","保单质押借款合同，保险/担保场景字段","第三批PDF补充；中文文件名；已检查PDF文件头",""
"PDF-022","contracts","农业银行国家助学贷款借款合同","https://www.abchina.com/cn/PersonalServices/Loans/jkhtgs/202303/W020230320333836694986.pdf","https://www.abchina.com/cn/PersonalServices/Loans/jkhtgs/202303/W020230320333836694986.pdf","PDF-022_农业银行国家助学贷款借款合同.pdf","E:\妖\在中大\学习\大三下\金融科技\小组作业\agent\合同与金融产品知识库\raw_sources\第三批PDF补充\合同知识库PDF\PDF-022_农业银行国家助学贷款借款合同.pdf","ok","236815","application/pdf","助学贷款合同，教育消费场景","第三批PDF补充；中文文件名；已检查PDF文件头",""
"PDF-023","contracts","农业银行个人自助小额借款合同2025版","https://www.abchina.com/cn/PersonalServices/Loans/jkhtgs/202303/W020250718393068045839.pdf","https://www.abchina.com/cn/PersonalServices/Loans/jkhtgs/202303/W020250718393068045839.pdf","PDF-023_农业银行个人自助小额借款合同2025版.pdf","E:\妖\在中大\学习\大三下\金融科技\小组作业\agent\合同与金融产品知识库\raw_sources\第三批PDF补充\合同知识库PDF\PDF-023_农业银行个人自助小额借款合同2025版.pdf","ok","276423","application/pdf","自助小额借款，含等额本息/等额本金/先息后本等现金流规则","第三批PDF补充；中文文件名；已检查PDF文件头",""
"PDF-024","contracts","农业银行个人汽车消费借款合同","https://www.abchina.com/cn/PersonalServices/Loans/jkhtgs/202303/W020250718590367566454.pdf","https://www.abchina.com/cn/PersonalServices/Loans/jkhtgs/202303/W020250718590367566454.pdf","PDF-024_农业银行个人汽车消费借款合同.pdf","E:\妖\在中大\学习\大三下\金融科技\小组作业\agent\合同与金融产品知识库\raw_sources\第三批PDF补充\合同知识库PDF\PDF-024_农业银行个人汽车消费借款合同.pdf","ok","323456","application/pdf","汽车消费贷款合同，消费用途与还款方式","第三批PDF补充；中文文件名；已检查PDF文件头",""
"PDF-025","contracts","农业银行个人自助质押借款合同","https://www.abchina.com/cn/PersonalServices/Loans/jkhtgs/202303/W020250718590368198077.pdf","https://www.abchina.com/cn/PersonalServices/Loans/jkhtgs/202303/W020250718590368198077.pdf","PDF-025_农业银行个人自助质押借款合同.pdf","E:\妖\在中大\学习\大三下\金融科技\小组作业\agent\合同与金融产品知识库\raw_sources\第三批PDF补充\合同知识库PDF\PDF-025_农业银行个人自助质押借款合同.pdf","ok","312949","application/pdf","自助质押借款合同，线上支用/质押字段","第三批PDF补充；中文文件名；已检查PDF文件头",""
"PDF-026","contracts","华夏银行个人借款合同个人经营性贷款线下","https://www.hxb.com.cn/images/grjr/dkyw/_ysh_xl/gdgshtwb/2026/05/08/5E6F4BB3F32E84D65A54A0046F8CCFEE.pdf","https://www.hxb.com.cn/images/grjr/dkyw/_ysh_xl/gdgshtwb/2026/05/08/5E6F4BB3F32E84D65A54A0046F8CCFEE.pdf","PDF-026_华夏银行个人借款合同个人经营性贷款线下.pdf","E:\妖\在中大\学习\大三下\金融科技\小组作业\agent\合同与金融产品知识库\raw_sources\第三批PDF补充\合同知识库PDF\PDF-026_华夏银行个人借款合同个人经营性贷款线下.pdf","ok","391230","application/pdf","华夏银行个人借款合同模板","第三批PDF补充；中文文件名；已检查PDF文件头",""
"PDF-027","contracts","华夏银行个人借款合同个人经营性贷款数字化","https://www.hxb.com.cn/images/grjr/dkyw/_ysh_xl/gdgshtwb/2026/05/08/23C5A4100B04BD4862624410DA3FE73C.pdf","https://www.hxb.com.cn/images/grjr/dkyw/_ysh_xl/gdgshtwb/2026/05/08/23C5A4100B04BD4862624410DA3FE73C.pdf","PDF-027_华夏银行个人借款合同个人经营性贷款数字化.pdf","E:\妖\在中大\学习\大三下\金融科技\小组作业\agent\合同与金融产品知识库\raw_sources\第三批PDF补充\合同知识库PDF\PDF-027_华夏银行个人借款合同个人经营性贷款数字化.pdf","ok","475045","application/pdf","数字化借款合同字段","第三批PDF补充；中文文件名；已检查PDF文件头",""
"PDF-028","contracts","华夏银行个人房屋抵押借款合同","https://www.hxb.com.cn/images/grjr/dkyw/_ysh_xl/gdgshtwb/2026/05/08/307CAC020B736170E4683680EFAE8C1E.pdf","https://www.hxb.com.cn/images/grjr/dkyw/_ysh_xl/gdgshtwb/2026/05/08/307CAC020B736170E4683680EFAE8C1E.pdf","PDF-028_华夏银行个人房屋抵押借款合同.pdf","E:\妖\在中大\学习\大三下\金融科技\小组作业\agent\合同与金融产品知识库\raw_sources\第三批PDF补充\合同知识库PDF\PDF-028_华夏银行个人房屋抵押借款合同.pdf","ok","411602","application/pdf","抵押借款合同，担保/抵押字段","第三批PDF补充；中文文件名；已检查PDF文件头",""
"PDF-029","contracts","华夏银行个人借款合同","https://www.hxb.com.cn/images/grjr/dkyw/_ysh_xl/gdgshtwb/2026/05/08/87CC4FBEF68FDBC6EC00254A9CAC2049.pdf","https://www.hxb.com.cn/images/grjr/dkyw/_ysh_xl/gdgshtwb/2026/05/08/87CC4FBEF68FDBC6EC00254A9CAC2049.pdf","PDF-029_华夏银行个人借款合同.pdf","E:\妖\在中大\学习\大三下\金融科技\小组作业\agent\合同与金融产品知识库\raw_sources\第三批PDF补充\合同知识库PDF\PDF-029_华夏银行个人借款合同.pdf","ok","258625","application/pdf","华夏银行个人借款通用合同","第三批PDF补充；中文文件名；已检查PDF文件头",""
"PDF-030","contracts","华夏银行个人消费贷款借款合同","https://www.hxb.com.cn/images/grjr/dkyw/_ysh_xl/gdgshtwb/2026/05/08/4E0F64F9EE61B44B2102FE1FC5B1BBDD.pdf","https://www.hxb.com.cn/images/grjr/dkyw/_ysh_xl/gdgshtwb/2026/05/08/4E0F64F9EE61B44B2102FE1FC5B1BBDD.pdf","PDF-030_华夏银行个人消费贷款借款合同.pdf","E:\妖\在中大\学习\大三下\金融科技\小组作业\agent\合同与金融产品知识库\raw_sources\第三批PDF补充\合同知识库PDF\PDF-030_华夏银行个人消费贷款借款合同.pdf","ok","258198","application/pdf","个人消费贷款借款合同，B同学核心合同样本","第三批PDF补充；中文文件名；已检查PDF文件头",""
"PDF-031","contracts","江苏银行个人消费随e贷额度借款合同202409版","https://www.jsbchina.cn/data/tosend/resource/upload/%E6%B1%9F%E8%8B%8F%E9%93%B6%E8%A1%8C%E4%B8%AA%E4%BA%BA%E6%B6%88%E8%B4%B9%E9%9A%8Fe%E8%B4%B7%E9%A2%9D%E5%BA%A6%E5%80%9F%E6%AC%BE%E5%90%88%E5%90%8C202409%E7%89%88.pdf","https://www.jsbchina.cn/data/tosend/resource/upload/%E6%B1%9F%E8%8B%8F%E9%93%B6%E8%A1%8C%E4%B8%AA%E4%BA%BA%E6%B6%88%E8%B4%B9%E9%9A%8Fe%E8%B4%B7%E9%A2%9D%E5%BA%A6%E5%80%9F%E6%AC%BE%E5%90%88%E5%90%8C202409%E7%89%88.pdf","PDF-031_江苏银行个人消费随e贷额度借款合同202409版.pdf","E:\妖\在中大\学习\大三下\金融科技\小组作业\agent\合同与金融产品知识库\raw_sources\第三批PDF补充\合同知识库PDF\PDF-031_江苏银行个人消费随e贷额度借款合同202409版.pdf","invalid_content","355","","随e贷额度合同，单利、日利率、罚息/复利字段","第三批PDF补充；中文文件名；已检查PDF文件头","downloaded content is not PDF"
"PDF-032","contracts","江苏银行个人消费随e贷支用协议202409版","https://www.jsbchina.cn/data/tosend/resource/upload/%E6%B1%9F%E8%8B%8F%E9%93%B6%E8%A1%8C%E4%B8%AA%E4%BA%BA%E6%B6%88%E8%B4%B9%E9%9A%8Fe%E8%B4%B7%E6%94%AF%E7%94%A8%E5%8D%8F%E8%AE%AE202409%E7%89%88.pdf","https://www.jsbchina.cn/data/tosend/resource/upload/%E6%B1%9F%E8%8B%8F%E9%93%B6%E8%A1%8C%E4%B8%AA%E4%BA%BA%E6%B6%88%E8%B4%B9%E9%9A%8Fe%E8%B4%B7%E6%94%AF%E7%94%A8%E5%8D%8F%E8%AE%AE202409%E7%89%88.pdf","PDF-032_江苏银行个人消费随e贷支用协议202409版.pdf","E:\妖\在中大\学习\大三下\金融科技\小组作业\agent\合同与金融产品知识库\raw_sources\第三批PDF补充\合同知识库PDF\PDF-032_江苏银行个人消费随e贷支用协议202409版.pdf","invalid_content","349","","随e贷支用协议，单笔提款/还款字段","第三批PDF补充；中文文件名；已检查PDF文件头","downloaded content is not PDF"
"PDF-041","contracts","中国银行个人抵质押循环贷款合同2025年版","https://pic.bankofchina.com/bocappd/pbservice/202509/P020250901361564640368.pdf","https://pic.bankofchina.com/bocappd/pbservice/202509/P020250901361564640368.pdf","PDF-041_中国银行个人抵质押循环贷款合同2025年版.pdf","E:\妖\在中大\学习\大三下\金融科技\小组作业\agent\合同与金融产品知识库\raw_sources\第三批PDF补充\合同知识库PDF\PDF-041_中国银行个人抵质押循环贷款合同2025年版.pdf","ok","257292","application/pdf","抵质押循环贷款合同，担保与循环额度字段","第三批PDF补充；中文文件名；已检查PDF文件头",""
"PDF-042","contracts","中国银行E抵贷个人循环贷款合同2025年版","https://pic.bankofchina.com/bocappd/pbservice/202509/P020250901362591284740.pdf","https://pic.bankofchina.com/bocappd/pbservice/202509/P020250901362591284740.pdf","PDF-042_中国银行E抵贷个人循环贷款合同2025年版.pdf","E:\妖\在中大\学习\大三下\金融科技\小组作业\agent\合同与金融产品知识库\raw_sources\第三批PDF补充\合同知识库PDF\PDF-042_中国银行E抵贷个人循环贷款合同2025年版.pdf","ok","262376","application/pdf","E抵贷循环贷款合同，额度支用和抵押条款","第三批PDF补充；中文文件名；已检查PDF文件头",""
"PDF-043","contracts","中国银行E抵贷个人循环贷款额度协议2025年版","https://pic.bankofchina.com/bocappd/pbservice/202509/P020250901362445291901.pdf","https://pic.bankofchina.com/bocappd/pbservice/202509/P020250901362445291901.pdf","PDF-043_中国银行E抵贷个人循环贷款额度协议2025年版.pdf","E:\妖\在中大\学习\大三下\金融科技\小组作业\agent\合同与金融产品知识库\raw_sources\第三批PDF补充\合同知识库PDF\PDF-043_中国银行E抵贷个人循环贷款额度协议2025年版.pdf","ok","287793","application/pdf","E抵贷额度协议，额度、期限、支用字段","第三批PDF补充；中文文件名；已检查PDF文件头",""
"PDF-044","contracts","中国银行E抵贷个人循环贷款最高额抵押合同2025年版","https://pic.bankofchina.com/bocappd/pbservice/202509/P020250901362925865243.pdf","https://pic.bankofchina.com/bocappd/pbservice/202509/P020250901362925865243.pdf","PDF-044_中国银行E抵贷个人循环贷款最高额抵押合同2025年版.pdf","E:\妖\在中大\学习\大三下\金融科技\小组作业\agent\合同与金融产品知识库\raw_sources\第三批PDF补充\合同知识库PDF\PDF-044_中国银行E抵贷个人循环贷款最高额抵押合同2025年版.pdf","ok","184801","application/pdf","最高额抵押合同，担保字段","第三批PDF补充；中文文件名；已检查PDF文件头",""
"PDF-045","contracts","中国银行个人循环贷款最高额保证合同2025年版","https://pic.bankofchina.com/bocappd/pbservice/202509/P020250901362699440192.pdf","https://pic.bankofchina.com/bocappd/pbservice/202509/P020250901362699440192.pdf","PDF-045_中国银行个人循环贷款最高额保证合同2025年版.pdf","E:\妖\在中大\学习\大三下\金融科技\小组作业\agent\合同与金融产品知识库\raw_sources\第三批PDF补充\合同知识库PDF\PDF-045_中国银行个人循环贷款最高额保证合同2025年版.pdf","ok","181893","application/pdf","最高额保证合同，保证责任字段","第三批PDF补充；中文文件名；已检查PDF文件头",""
"PDF-046","contracts","中国银行个人循环贷款最高额抵押合同2025年版","https://pic.bankofchina.com/bocappd/pbservice/202509/P020250901362825456429.pdf","https://pic.bankofchina.com/bocappd/pbservice/202509/P020250901362825456429.pdf","PDF-046_中国银行个人循环贷款最高额抵押合同2025年版.pdf","E:\妖\在中大\学习\大三下\金融科技\小组作业\agent\合同与金融产品知识库\raw_sources\第三批PDF补充\合同知识库PDF\PDF-046_中国银行个人循环贷款最高额抵押合同2025年版.pdf","ok","184816","application/pdf","最高额抵押合同，抵押责任字段","第三批PDF补充；中文文件名；已检查PDF文件头",""
"PDF-047","contracts","中国银行个人循环贷款最高额质押合同2025年版","https://pic.bankofchina.com/bocappd/pbservice/202509/P020250901363017243241.pdf","https://pic.bankofchina.com/bocappd/pbservice/202509/P020250901363017243241.pdf","PDF-047_中国银行个人循环贷款最高额质押合同2025年版.pdf","E:\妖\在中大\学习\大三下\金融科技\小组作业\agent\合同与金融产品知识库\raw_sources\第三批PDF补充\合同知识库PDF\PDF-047_中国银行个人循环贷款最高额质押合同2025年版.pdf","ok","173842","application/pdf","最高额质押合同，质押担保字段","第三批PDF补充；中文文件名；已检查PDF文件头",""
"PDF-048","contracts","中国银行个人贷款抵押合同2025年版","https://pic.bankofchina.com/bocappd/pbservice/202509/P020250901360669593869.pdf","https://pic.bankofchina.com/bocappd/pbservice/202509/P020250901360669593869.pdf","PDF-048_中国银行个人贷款抵押合同2025年版.pdf","E:\妖\在中大\学习\大三下\金融科技\小组作业\agent\合同与金融产品知识库\raw_sources\第三批PDF补充\合同知识库PDF\PDF-048_中国银行个人贷款抵押合同2025年版.pdf","ok","183741","application/pdf","个人贷款抵押合同","第三批PDF补充；中文文件名；已检查PDF文件头",""
"PDF-049","contracts","中国银行个人贷款质押合同2025年版","https://pic.bankofchina.com/bocappd/pbservice/202509/P020250901361442617800.pdf","https://pic.bankofchina.com/bocappd/pbservice/202509/P020250901361442617800.pdf","PDF-049_中国银行个人贷款质押合同2025年版.pdf","E:\妖\在中大\学习\大三下\金融科技\小组作业\agent\合同与金融产品知识库\raw_sources\第三批PDF补充\合同知识库PDF\PDF-049_中国银行个人贷款质押合同2025年版.pdf","ok","170373","application/pdf","个人贷款质押合同","第三批PDF补充；中文文件名；已检查PDF文件头",""
"PDF-050","contracts","中国银行个人贷款存单质押合同2025年版","https://pic.bankofchina.com/bocappd/pbservice/202509/P020250901360548779640.pdf","https://pic.bankofchina.com/bocappd/pbservice/202509/P020250901360548779640.pdf","PDF-050_中国银行个人贷款存单质押合同2025年版.pdf","E:\妖\在中大\学习\大三下\金融科技\小组作业\agent\合同与金融产品知识库\raw_sources\第三批PDF补充\合同知识库PDF\PDF-050_中国银行个人贷款存单质押合同2025年版.pdf","ok","162483","application/pdf","存单质押合同，质押物字段","第三批PDF补充；中文文件名；已检查PDF文件头",""
"PDF-051","contracts","中国银行个人贷款保证合同2025年版","https://pic.bankofchina.com/bocappd/pbservice/202509/P020250901360426214502.pdf","https://pic.bankofchina.com/bocappd/pbservice/202509/P020250901360426214502.pdf","PDF-051_中国银行个人贷款保证合同2025年版.pdf","E:\妖\在中大\学习\大三下\金融科技\小组作业\agent\合同与金融产品知识库\raw_sources\第三批PDF补充\合同知识库PDF\PDF-051_中国银行个人贷款保证合同2025年版.pdf","ok","159811","application/pdf","保证合同，保证责任字段","第三批PDF补充；中文文件名；已检查PDF文件头",""